speaker	gender	age_group	count	total	rate_pmw
S0001	Female	30-39	6	3000	2000
S0002	Female	19-29	21	8535	2460.456942003515
S0003	Female	19-29	8	1893	4226.096143687269
S0004	Male	30-39	1	3634	275.178866263071
S0005	Female	80-89	3	1449	2070.393374741201
S0006	Male	80-89	1	4804	208.15986677768527
S0007	Male	19-29	6	11276	532.1035828307911
S0008	Male	60-69	101	139888	722.0061763696672
S0009	Female	19-29	0	533	0
S0010	Male	30-39	7	3105	2254.4283413848634
S0011	Female	19-29	0	473	0
S0012	Male	70-79	69	277953	248.24340805819688
S0013	Female	60-69	163	127773	1275.6998739952887
S0014	Female	30-39	15	5487	2733.7342810278838
S0015	Female	60-69	21	29651	708.2391824896293
S0016	Female	19-29	1	605	1652.892561983471
S0017	Male	70-79	4	7377	542.225837061136
S0018	Female	30-39	183	107906	1695.920523418531
S0019	Female	60-69	19	23328	814.4718792866942
S0020	Male	30-39	1	885	1129.9435028248588
S0021	Female	19-29	21	8209	2558.1678645389206
S0022	Female	30-39	4	7163	558.4252408208852
S0023	Male	40-49	12	6704	1789.9761336515514
S0024	Female	30-39	127	181562	699.4855751754221
S0025	Female	30-39	8	5618	1423.994304022784
S0026	Male	19-29	39	13449	2899.8438545616777
S0027	Male	40-49	2	1856	1077.5862068965516
S0028	Female	19-29	1	417	2398.0815347721823
S0029	Female	19-29	0	304	0
S0030	Female	40-49	20	2622	7627.765064836003
S0031	Male	19-29	0	928	0
S0032	Male	19-29	8	6867	1164.991990680064
S0033	Male	19-29	1	6499	153.86982612709647
S0034	Male	19-29	14	4974	2814.6361077603538
S0035	Female	30-39	9	2101	4283.674440742504
S0036	Female	40-49	16	11169	1432.5364849136001
S0037	Female	19-29	112	108664	1030.7001398807333
S0038	Male	50-59	12	6147	1952.1717911176183
S0039	Male	30-39	0	228	0
S0040	Male	30-39	3	4154	722.1954742416948
S0041	Female	19-29	314	208025	1509.433962264151
S0042	Female	19-29	0	372	0
S0043	Female	40-49	2	2453	815.3281695882592
S0044	Female	19-29	1	829	1206.2726176115802
S0045	Male	19-29	2	228	8771.929824561403
S0046	Male	19-29	18	17404	1034.245001149161
S0047	Male	60-69	14	9570	1462.9049111807733
S0048	Female	40-49	0	541	0
S0049	Female	19-29	5	14159	353.1322833533442
S0050	Female	19-29	5	7233	691.2760956726116
S0051	Male	19-29	0	624	0
S0052	Female	30-39	4	2223	1799.370220422852
S0053	Female	19-29	0	117	0
S0054	Male	19-29	12	5753	2085.8682426560053
S0055	Female	19-29	0	1312	0
S0056	Male	50-59	3	1108	2707.581227436823
S0057	Female	19-29	7	4034	1735.2503718393652
S0058	Female	19-29	331	144725	2287.096216963206
S0059	Female	19-29	0	1066	0
S0060	Male	30-39	24	15944	1505.2684395383844
S0061	Male	19-29	1	982	1018.3299389002036
S0062	Male	30-39	8	2588	3091.1901081916535
S0063	Male	40-49	2	2682	745.7121551081282
S0064	Female	19-29	3	1387	2162.9416005767844
S0065	Female	30-39	4	2176	1838.235294117647
S0067	Male	40-49	0	621	0
S0068	Male	40-49	0	2250	0
S0069	Female	19-29	1	574	1742.1602787456445
S0070	Male	40-49	12	18168	660.5019815059445
S0071	Female	30-39	1	1301	768.6395080707148
S0072	Male	19-29	2	2618	763.9419404125287
S0073	Male	30-39	10	6934	1442.169022209403
S0074	Female	60-69	9	8582	1048.7065951992543
S0075	Male	40-49	9	2610	3448.2758620689656
S0076	Female	19-29	3	1353	2217.2949002217297
S0077	Female	19-29	0	867	0
S0078	Male	19-29	3	3389	885.2168781351431
S0079	Male	30-39	6	1215	4938.271604938272
S0080	Male	19-29	2	1079	1853.5681186283596
S0081	Male	30-39	1	1740	574.7126436781609
S0082	Male	60-69	29	22995	1261.1437268971515
S0083	Female	60-69	76	44214	1718.9125616320623
S0084	Female	19-29	533	276558	1927.262997273628
S0085	Female	19-29	2	2835	705.4673721340389
S0086	Male	19-29	108	49319	2189.8254222510595
S0087	Male	40-49	1	1393	717.8750897343863
S0088	Female	40-49	2	1738	1150.7479861910242
S0089	Male	19-29	0	1653	0
S0090	Female	19-29	0	1975	0
S0091	Male	90-99	1	2084	479.84644913627636
S0092	Male	50-59	2	11098	180.21265092809517
S0093	Male	40-49	55	14482	3797.817980941859
S0094	Female	30-39	20	10851	1843.14809694959
S0095	Male	30-39	4	4800	833.3333333333334
S0096	Female	30-39	5	2261	2211.4108801415305
S0097	Male	30-39	5	4159	1202.212070209185
S0098	Male	19-29	4	808	4950.495049504951
S0099	Male	19-29	3	861	3484.320557491289
S0100	Female	19-29	2	1135	1762.114537444934
S0101	Male	19-29	0	1254	0
S0102	Male	11-18	0	968	0
S0103	Male	70-79	1	7029	142.2677479015507
S0104	Female	40-49	67	56732	1180.991327645773
S0105	Male	30-39	2	917	2181.0250817884407
S0106	Male	19-29	2	911	2195.3896816684965
S0107	Male	50-59	2	279	7168.458781362007
S0108	Female	19-29	2	2956	676.5899864682003
S0109	Female	19-29	17	8152	2085.377821393523
S0110	Male	50-59	4	8362	478.35446065534563
S0113	Male	19-29	0	750	0
S0114	Female	70-79	3	2497	1201.4417300760913
S0115	Male	30-39	298	111897	2663.1634449538415
S0116	Female	19-29	0	1425	0
S0117	Female	19-29	1	378	2645.5026455026455
S0118	Male	30-39	1	1067	937.2071227741332
S0119	Male	19-29	18	5117	3517.6861442251316
S0120	Male	19-29	29	15668	1850.906305846311
S0122	Male	19-29	0	1176	0
S0123	Male	19-29	14	8757	1598.7210231814547
S0125	Female	30-39	5	3972	1258.811681772407
S0126	Female	60-69	1	1042	959.6928982725527
S0127	Male	19-29	8	2393	3343.0839949853744
S0128	Male	19-29	1	949	1053.740779768177
S0129	Male	30-39	2	2630	760.4562737642585
S0130	Male	19-29	8	1912	4184.100418410041
S0131	Female	50-59	90	12671	7102.833241259569
S0132	Female	19-29	9	3256	2764.127764127764
S0133	Female	19-29	2	1825	1095.890410958904
S0134	Female	19-29	5	1138	4393.673110720562
S0135	Female	19-29	23	16145	1424.589656240322
S0136	Female	19-29	18	3627	4962.779156327543
S0137	Male	19-29	0	699	0
S0138	Male	50-59	7	3706	1888.8289260658391
S0139	Female	19-29	0	2192	0
S0140	Female	11-18	5	3121	1602.0506247997437
S0141	Female	30-39	0	1706	0
S0142	Male	60-69	2	14811	135.0347714536493
S0143	Female	60-69	1	2073	482.392667631452
S0144	Male	30-39	119	144222	825.1168337701599
S0145	Female	19-29	6	2049	2928.2576866764275
S0146	Female	30-39	80	18077	4425.513082923051
S0147	Female	50-59	7	2490	2811.244979919679
S0148	Female	19-29	2	1334	1499.2503748125937
S0149	Female	19-29	4	2531	1580.4030027657052
S0150	Female	50-59	4	863	4634.994206257242
S0151	Male	19-29	23	4509	5100.909292526058
S0152	Male	50-59	84	128107	655.7018742145237
S0153	Female	11-18	6	8406	713.7758743754462
S0154	Female	11-18	25	15715	1590.8367801463571
S0155	Male	40-49	1	1275	784.313725490196
S0156	Female	19-29	0	122	0
S0157	Female	19-29	9	3314	2715.751357875679
S0158	Male	50-59	5	2731	1830.831197363603
S0159	Male	19-29	0	497	0
S0160	Female	19-29	0	373	0
S0161	Female	70-79	6	3420	1754.3859649122808
S0162	Female	30-39	45	10286	4374.8784755979
S0163	Female	60-69	0	643	0
S0164	Male	30-39	0	683	0
S0165	Female	19-29	1	648	1543.2098765432097
S0166	Female	50-59	0	835	0
S0167	Female	19-29	92	56570	1626.303694537741
S0168	Female	19-29	1	441	2267.573696145125
S0169	Male	30-39	5	3271	1528.584530724549
S0170	Female	30-39	9	12958	694.5516283377065
S0171	Female	19-29	25	7720	3238.341968911917
S0172	Female	60-69	10	6642	1505.570611261668
S0173	Female	19-29	23	9440	2436.4406779661017
S0174	Male	60-69	2	1003	1994.0179461615153
S0175	Female	30-39	7	3727	1878.1862087469815
S0176	Female	50-59	1	1848	541.1255411255411
S0177	Male	19-29	5	2347	2130.3792074989346
S0178	Female	11-18	0	585	0
S0179	Male	19-29	429	96053	4466.284238909769
S0180	Male	30-39	20	21640	924.2144177449168
S0181	Male	30-39	15	3537	4240.882103477523
S0182	Female	19-29	16	2721	5880.191106210952
S0183	Female	30-39	8	3360	2380.952380952381
S0184	Male	19-29	0	2724	0
S0185	Male	50-59	0	1822	0
S0186	Male	30-39	7	2125	3294.117647058824
S0187	Male	19-29	22	14558	1511.1965929385904
S0188	Male	19-29	2	4723	423.4596654668643
S0189	Male	19-29	30	18023	1664.5397547578095
S0190	Female	50-59	6	24564	244.25989252564727
S0191	Male	0-10	0	1621	0
S0192	Male	19-29	481	362107	1328.3366518736175
S0193	Female	50-59	3	12395	242.0330778539734
S0194	Female	30-39	24	11835	2027.8833967046894
S0195	Male	19-29	17	5598	3036.7988567345483
S0196	Female	30-39	11	10981	1001.7302613605319
S0197	Male	50-59	15	17059	879.301248607773
S0198	Female	19-29	252	164818	1528.9592156196534
S0199	Female	50-59	25	52249	478.4780569963062
S0200	Male	19-29	2	2773	721.2405337179949
S0201	Male	19-29	1	564	1773.049645390071
S0202	Female	19-29	111	117720	942.9153924566768
S0203	Male	19-29	6	19895	301.58331239004775
S0204	Female	19-29	13	12326	1054.6811617718645
S0205	Female	19-29	5	7688	650.3642039542144
S0206	Female	19-29	15	10286	1458.2928251993
S0207	Female	19-29	23	8995	2556.976097832129
S0208	Female	19-29	140	63967	2188.6285115762817
S0209	Female	19-29	3	1501	1998.6675549633578
S0210	Female	19-29	2	2053	974.184120798831
S0211	Female	19-29	18	14901	1207.9726192872963
S0212	Female	19-29	1	4167	239.98080153587713
S0213	Female	19-29	1	604	1655.6291390728477
S0214	Male	40-49	3	1833	1636.6612111292964
S0215	Female	40-49	0	581	0
S0216	Female	19-29	10	11012	908.1002542680712
S0217	Male	19-29	0	427	0
S0218	Male	19-29	4	3917	1021.1896859841717
S0219	Female	19-29	3	3608	831.4855875831486
S0220	Female	19-29	16	14393	1111.6514972556104
S0221	Male	19-29	24	9056	2650.1766784452298
S0222	Female	19-29	9	11380	790.8611599297012
S0223	Female	19-29	7	2449	2858.309514087383
S0224	Male	19-29	4	856	4672.8971962616815
S0225	Male	40-49	0	229	0
S0227	Male	50-59	77	81006	950.5468730711304
S0228	Male	19-29	19	15015	1265.4012654012654
S0229	Male	60-69	4	21996	181.8512456810329
S0230	Female	50-59	19	23145	820.9116439835817
S0231	Male	30-39	4	7613	525.4170497832654
S0232	Female	30-39	2	6738	296.82398337785696
S0233	Female	19-29	26	8446	3078.3802983660903
S0234	Male	19-29	35	8678	4033.187370361835
S0235	Female	19-29	44	36352	1210.3873239436618
S0236	Male	19-29	10	15999	625.0390649415589
S0237	Female	19-29	5	7875	634.9206349206349
S0238	Female	50-59	160	40385	3961.867029837811
S0239	Female	30-39	19	8275	2296.07250755287
S0240	Female	50-59	17	8597	1977.4339886006746
S0241	Female	40-49	69	15117	4564.397697955944
S0242	Male	60-69	0	3006	0
S0243	Female	80-89	2	3460	578.0346820809249
S0244	Male	19-29	0	3881	0
S0245	Male	19-29	5	11625	430.10752688172045
S0246	Female	19-29	53	23793	2227.545916866305
S0247	Female	60-69	7	5604	1249.1077801570307
S0248	Male	60-69	21	4271	4916.881292437368
S0249	Female	19-29	22	13219	1664.2711248959831
S0250	Male	19-29	12	6051	1983.1432821021317
S0251	Female	50-59	30	32725	916.7303284950344
S0252	Male	11-18	26	29362	885.4982630610994
S0253	Male	19-29	23	44002	522.7035134766602
S0254	Female	19-29	24	22832	1051.156271899089
S0255	Female	40-49	419	130992	3198.668620984488
S0256	Female	19-29	51	35547	1434.7202295552368
S0257	Female	40-49	53	41046	1291.2342250158358
S0258	Female	30-39	23	8776	2620.7839562443028
S0259	Female	40-49	7	15354	455.90725543832224
S0260	Female	80-89	2	6822	293.1691586045148
S0261	Male	40-49	91	62528	1455.3480040941658
S0262	Female	40-49	600	169739	3534.8387818945557
S0263	Female	30-39	4	3032	1319.2612137203166
S0264	Male	60-69	17	11066	1536.237122718236
S0265	Male	50-59	8	4428	1806.6847335140017
S0266	Female	60-69	25	17787	1405.5208860403663
S0267	Female	60-69	30	6414	4677.268475210477
S0268	Male	60-69	15	14070	1066.0980810234541
S0269	Male	70-79	1	9767	102.38558410975735
S0270	Female	60-69	23	8352	2753.831417624521
S0271	Female	60-69	9	9912	907.9903147699758
S0272	Female	50-59	37	7918	4672.8971962616815
S0273	Female	60-69	2	4397	454.85558335228563
S0274	Male	19-29	6	8796	682.1282401091405
S0275	Female	19-29	25	14643	1707.3004165813018
S0276	Female	19-29	5	10038	498.10719266786214
S0278	Male	60-69	108	106913	1010.1671452489406
S0280	Female	40-49	1	1025	975.609756097561
S0281	Male	60-69	51	46366	1099.9439244273822
S0282	Female	50-59	239	61133	3909.508775947524
S0283	Male	40-49	19	7217	2632.6728557572396
S0284	Male	60-69	12	4367	2747.8818410808335
S0285	Male	19-29	11	5921	1857.7942915048134
S0286	Male	11-18	9	3742	2405.130946018172
S0287	Female	50-59	16	5778	2769.1242644513673
S0288	Male	50-59	7	3478	2012.6509488211618
S0289	Female	60-69	31	11230	2760.4630454140697
S0290	Male	19-29	5	3725	1342.2818791946308
S0291	Female	19-29	2	3701	540.3944879762226
S0292	Female	80-89	2	4031	496.1548002976929
S0293	Female	19-29	37	8240	4490.291262135922
S0294	Male	70-79	9	5629	1598.8630307337005
S0295	Female	70-79	0	890	0
S0297	Male	19-29	24	7657	3134.3868355752907
S0298	Male	40-49	6	2098	2859.866539561487
S0299	Female	60-69	19	15774	1204.5137568150121
S0300	Female	40-49	11	10692	1028.80658436214
S0301	Male	70-79	38	6519	5829.114894922534
S0302	Female	50-59	5	3813	1311.3034356150013
S0303	Female	40-49	39	17420	2238.805970149254
S0304	Male	40-49	11	4578	2402.795980777632
S0305	Female	40-49	11	2496	4407.051282051282
S0306	Male	19-29	3	1044	2873.5632183908046
S0307	Female	30-39	7	3459	2023.7062734894478
S0308	Male	60-69	10	6419	1557.8750584203146
S0309	Male	70-79	20	8574	2332.633543270352
S0310	Female	60-69	20	5637	3547.986517651233
S0311	Female	30-39	1	2371	421.76296921130324
S0312	Male	30-39	2	1379	1450.3263234227702
S0313	Female	19-29	2	3093	646.6214031684449
S0314	Female	60-69	13	7475	1739.1304347826087
S0315	Female	30-39	18	15766	1141.697323354053
S0316	Female	30-39	16	13776	1161.4401858304298
S0317	Female	40-49	4	4128	968.9922480620155
S0318	Male	40-49	10	7704	1298.0269989615786
S0319	Female	40-49	9	11859	758.9172780166962
S0320	Female	30-39	136	37234	3652.575602943546
S0321	Female	30-39	19	4643	4092.181779022184
S0322	Female	30-39	35	14694	2381.9245950728186
S0323	Female	30-39	10	6240	1602.5641025641025
S0324	Female	11-18	73	28467	2564.372782520111
S0325	Female	11-18	120	45925	2612.9559063690804
S0326	Male	19-29	131	95797	1367.474973120244
S0327	Female	70-79	51	28127	1813.2043943541792
S0328	Female	19-29	104	77855	1335.8165821077644
S0329	Female	50-59	42	32818	1279.7854835760863
S0330	Female	19-29	50	43009	1162.5473738054825
S0331	Male	30-39	25	36000	694.4444444444445
S0334	Female	40-49	10	6759	1479.5088030773784
S0335	Female	30-39	33	9651	3419.3347839602116
S0336	Female	19-29	222	97971	2265.9766665645952
S0337	Male	19-29	55	48809	1126.8413612243644
S0338	Female	50-59	9	20909	430.436654072409
S0339	Male	50-59	34	17811	1908.9326820504182
S0340	Male	80-89	0	330	0
S0341	Female	50-59	7	1995	3508.7719298245615
S0342	Male	19-29	8	5566	1437.297879985627
S0343	Male	50-59	2	7374	271.22321670735016
S0344	Female	19-29	20	18377	1088.3169178864887
S0345	Female	19-29	16	4669	3426.8579995716427
S0346	Female	19-29	11	9499	1158.0166333298241
S0347	Male	19-29	1	2996	333.7783711615487
S0349	Female	19-29	6	5389	1113.379105585452
S0350	Female	19-29	12	6773	1771.7407352724051
S0351	Male	19-29	0	529	0
S0352	Male	11-18	5	8670	576.7012687427913
S0353	Male	60-69	10	15133	660.8075067732769
S0354	Female	70-79	17	9698	1752.938750257785
S0355	Male	60-69	2	17627	113.46230215011063
S0356	Male	80-89	0	714	0
S0357	Female	19-29	8	3337	2397.36290080911
S0358	Male	50-59	3	6703	447.56079367447416
S0359	Male	60-69	2	716	2793.296089385475
S0360	Female	60-69	6	5852	1025.2904989747096
S0361	Female	30-39	15	5309	2825.3908457336597
S0362	Male	19-29	17	11261	1509.635023532546
S0363	Female	19-29	6	8120	738.9162561576355
S0364	Male	30-39	4	4635	862.9989212513484
S0365	Male	60-69	3	1941	1545.5950540958268
S0366	Female	50-59	4	2362	1693.480101608806
S0367	Male	30-39	5	1827	2736.7268746579093
S0368	Female	80-89	3	15084	198.8862370723946
S0369	Male	80-89	52	39869	1304.2714891268906
S0370	Male	60-69	25	21899	1141.604639481255
S0372	Male	60-69	7	9479	738.4745226289693
S0373	Male	50-59	0	385	0
S0374	Female	19-29	2	4017	497.8839930296241
S0375	Female	19-29	10	7645	1308.0444735120996
S0376	Female	40-49	0	5691	0
S0377	Female	19-29	3	4013	747.5703962123099
S0378	Female	19-29	19	5094	3729.878288182175
S0379	Female	50-59	1	5571	179.50098725542992
S0380	Male	19-29	8	5605	1427.2970561998216
S0381	Female	40-49	14	10164	1377.4104683195592
S0382	Male	60-69	31	18905	1639.777836551177
S0383	Male	30-39	47	19409	2421.5570096347055
S0384	Male	19-29	4	3886	1029.336078229542
S0387	Male	19-29	3	3176	944.5843828715365
S0388	Female	50-59	5	3078	1624.4314489928524
S0389	Female	60-69	6	3819	1571.0919088766693
S0390	Female	70-79	32	19073	1677.764378965029
S0391	Female	50-59	17	40040	424.57542457542456
S0392	Male	11-18	53	63623	833.0320795938576
S0393	Male	40-49	12	19711	608.7971183603065
S0394	Female	60-69	1	1595	626.9592476489029
S0395	Female	30-39	2	1643	1217.2854534388314
S0396	Female	60-69	0	256	0
S0397	Female	50-59	13	11168	1164.0401146131805
S0398	Female	80-89	1	1351	740.1924500370096
S0399	Male	60-69	1	1047	955.1098376313275
S0400	Male	19-29	4	2610	1532.5670498084291
S0401	Male	50-59	1	3034	329.5978905735003
S0402	Male	11-18	10	18137	551.3591001819485
S0403	Male	11-18	1	1441	693.9625260235947
S0404	Male	11-18	1	1304	766.8711656441718
S0405	Male	11-18	46	61634	746.3413051237953
S0406	Male	19-29	0	699	0
S0407	Female	40-49	4	1163	3439.3809114359415
S0408	Female	50-59	0	1641	0
S0409	Female	40-49	2	2420	826.4462809917355
S0410	Male	40-49	1	1080	925.925925925926
S0411	Female	40-49	20	9687	2064.6226902033654
S0412	Female	0-10	0	259	0
S0415	Male	40-49	62	26941	2301.325117850117
S0416	Male	11-18	71	49647	1430.0964811569684
S0417	Female	40-49	207	88937	2327.490245904404
S0418	Male	0-10	0	2547	0
S0419	Male	60-69	3	13633	220.05428005574709
S0420	Male	30-39	5	7682	650.8721687060661
S0421	Female	11-18	26	52213	497.960278091663
S0422	Female	30-39	2	4749	421.1412929037692
S0423	Male	50-59	15	54877	273.3385571368697
S0424	Male	40-49	8	15083	530.3984618444606
S0425	Male	19-29	2	1841	1086.3661053775122
S0426	Male	60-69	7	12218	572.9251923391716
S0427	Male	60-69	11	18194	604.5949214026601
S0428	Female	19-29	37	37612	983.7285972561949
S0429	Female	19-29	7	3246	2156.5003080714723
S0430	Male	19-29	4	2567	1558.2391897156213
S0431	Female	19-29	2	733	2728.512960436562
S0432	Female	19-29	63	28627	2200.7196003772665
S0433	Female	19-29	1	295	3389.830508474576
S0434	Female	30-39	6	3548	1691.0935738444193
S0435	Female	11-18	23	8792	2616.014558689718
S0436	Female	19-29	9	9037	995.9057209250857
S0437	Female	19-29	13	3747	3469.442220443021
S0438	Female	19-29	2	1720	1162.7906976744187
S0439	Female	19-29	439	205049	2140.9516749654963
S0440	Female	50-59	21	33087	634.6903617735063
S0441	Female	19-29	158	52726	2996.6240564427417
S0442	Female	30-39	0	1226	0
S0443	Female	60-69	25	11062	2259.98915205207
S0444	Female	19-29	58	31229	1857.248070703513
S0445	Female	19-29	8	6971	1147.6115334959118
S0446	Male	60-69	4	4019	995.2724558347848
S0447	Male	19-29	7	3365	2080.2377414561665
S0448	Female	19-29	11	7241	1519.1271923767436
S0449	Female	40-49	2	1622	1233.0456226880394
S0450	Female	19-29	25	22617	1105.363222354866
S0451	Female	19-29	24	12435	1930.0361881785284
S0452	Male	50-59	13	6592	1972.0873786407767
S0453	Male	30-39	17	19928	853.0710558008832
S0454	Female	30-39	356	136946	2599.564791961795
S0455	Female	50-59	35	27321	1281.0658467845246
S0456	Male	40-49	24	27150	883.9779005524862
S0457	Female	40-49	3	3988	752.2567703109328
S0458	Female	19-29	1	3914	255.4931016862545
S0459	Male	11-18	0	155	0
S0460	Male	80-89	0	5329	0
S0463	Male	40-49	10	5104	1959.247648902821
S0464	Female	40-49	1	3892	256.9373072970195
S0465	Male	40-49	2	4608	434.02777777777777
S0466	Male	19-29	14	13373	1046.8855155911165
S0467	Male	19-29	2	1783	1121.7049915872126
S0468	Male	19-29	1	1926	519.2107995846313
S0469	Female	19-29	1	983	1017.293997965412
S0470	Male	50-59	7	3296	2123.78640776699
S0471	Female	19-29	1	848	1179.245283018868
S0472	Female	19-29	9	4328	2079.482439926063
S0473	Male	50-59	1	1410	709.2198581560284
S0474	Female	19-29	1	1901	526.0389268805892
S0475	Female	70-79	145	46227	3136.695005083609
S0476	Male	80-89	29	12536	2313.3375877472877
S0477	Female	19-29	3	420	7142.857142857142
S0478	Female	50-59	29	5888	4925.271739130435
S0479	Female	11-18	0	1243	0
S0480	Male	60-69	10	11382	878.5802143735723
S0481	Male	60-69	20	20051	997.4564859607999
S0482	Male	30-39	37	17116	2161.7200280439356
S0483	Female	30-39	13	15901	817.5586441104333
S0485	Male	70-79	34	10178	3340.538416191786
S0486	Female	60-69	66	36836	1791.7254859376696
S0487	Female	19-29	5	5507	907.9353550027239
S0488	Female	19-29	9	5444	1653.1961792799411
S0489	Male	50-59	9	7204	1249.305941143809
S0491	Female	60-69	7	3474	2014.9683362118594
S0492	Female	30-39	31	39808	778.7379421221865
S0493	Male	30-39	45	69465	647.8082487583675
S0494	Male	60-69	1	7420	134.77088948787062
S0495	Female	50-59	0	2035	0
S0496	Female	30-39	9	7629	1179.7090051120724
S0497	Male	30-39	5	13572	368.4055408193339
S0498	Female	19-29	2	1948	1026.6940451745381
S0499	Female	50-59	1	1254	797.4481658692185
S0500	Female	19-29	3	2601	1153.4025374855826
S0501	Male	50-59	0	159	0
S0502	Female	19-29	4	2026	1974.3336623889436
S0503	Female	19-29	7	4986	1403.9310068190935
S0504	Male	50-59	2	1331	1502.6296018031555
S0505	Female	70-79	2	5242	381.53376573826785
S0506	Male	90-99	0	1731	0
S0507	Female	70-79	0	4099	0
S0508	Female	70-79	4	3657	1093.7927262783703
S0509	Female	11-18	45	35878	1254.2505156363231
S0510	Female	40-49	96	41217	2329.1360361016086
S0511	Female	40-49	70	34230	2044.989775051125
S0512	Male	11-18	22	6283	3501.5120165526023
S0513	Male	11-18	22	7264	3028.6343612334804
S0514	Male	11-18	14	5093	2748.8709994109563
S0515	Female	70-79	12	7547	1590.0357758049556
S0516	Male	60-69	2	2198	909.9181073703367
S0517	Female	40-49	163	148776	1095.6068183040275
S0518	Female	40-49	34	37083	916.8621740420139
S0519	Female	50-59	32	37097	862.6034450225085
S0520	Female	30-39	59	53568	1101.4038231780169
S0521	Male	50-59	32	14050	2277.5800711743773
S0522	Female	30-39	4	4687	853.4243652656284
S0523	Male	60-69	30	14842	2021.2909311413557
S0524	Male	70-79	6	6360	943.3962264150944
S0525	Female	40-49	76	158605	479.1778317203115
S0526	Male	60-69	3	3617	829.4166436273155
S0527	Male	40-49	1	2587	386.5481252415926
S0528	Male	70-79	2	1653	1209.9213551119178
S0529	Female	19-29	164	87846	1866.9034446645267
S0530	Female	19-29	187	74687	2503.782452100098
S0531	Female	19-29	12	5968	2010.7238605898124
S0532	Male	19-29	12	4695	2555.9105431309904
S0533	Male	11-18	1	894	1118.5682326621923
S0534	Male	70-79	3	2945	1018.6757215619693
S0535	Male	70-79	8	1700	4705.882352941176
S0536	Male	70-79	3	1400	2142.857142857143
S0537	Female	60-69	4	5124	780.64012490242
S0538	Male	70-79	11	13098	839.8228737211788
S0539	Female	19-29	30	8005	3747.6577139287947
S0540	Female	30-39	25	14445	1730.7026652821046
S0541	Female	40-49	58	21737	2668.2614896259834
S0542	Male	19-29	41	18038	2272.9792659940126
S0543	Female	19-29	80	30437	2628.3799323192166
S0544	Male	19-29	37	17833	2074.8051365446086
S0545	Male	50-59	5	6147	813.4049129656743
S0546	Female	80-89	0	5301	0
S0547	Male	11-18	6	3831	1566.1707126076742
S0548	Female	40-49	4	6334	631.5124723713293
S0549	Female	19-29	12	9841	1219.388273549436
S0550	Male	40-49	0	3199	0
S0551	Female	60-69	1	5135	194.74196689386562
S0552	Female	70-79	1	1213	824.4023083264633
S0553	Male	70-79	1	2237	447.0272686633885
S0554	Male	11-18	10	12000	833.3333333333334
S0555	Male	11-18	35	35193	994.5159548773903
S0556	Female	11-18	79	27148	2909.9749521143362
S0557	Female	19-29	14	6773	2067.030857817806
S0558	Female	50-59	63	74981	840.2128539229939
S0559	Female	19-29	4	3694	1082.8370330265295
S0560	Male	19-29	28	8816	3176.043557168784
S0561	Female	40-49	28	21441	1305.9092393078681
S0562	Female	50-59	1	2567	389.5597974289053
S0563	Male	40-49	4	6408	624.2197253433209
S0564	Female	70-79	3	13410	223.71364653243847
S0565	Male	70-79	8	5905	1354.784081287045
S0566	Male	60-69	22	8065	2727.8363298202107
S0567	Female	19-29	14	9033	1549.8726890291155
S0568	Male	40-49	0	1252	0
S0569	Male	19-29	5	3219	1553.2774153463808
S0570	Male	11-18	12	14675	817.717206132879
S0571	Male	40-49	27	28656	942.2110552763819
S0572	Male	11-18	11	11567	950.9812397337253
S0576	Male	19-29	2	2339	855.0662676357417
S0578	Female	11-18	3	2851	1052.262364082778
S0579	Male	90-99	75	69102	1085.3520882174178
S0580	Female	40-49	5	7440	672.0430107526882
S0583	Female	19-29	7	8832	792.572463768116
S0584	Male	19-29	10	12844	778.5736530675803
S0585	Female	19-29	48	37108	1293.521612590277
S0586	Female	19-29	3	4466	671.7420510523958
S0587	Male	19-29	33	29768	1108.5729642569202
S0588	Female	40-49	133	74889	1775.9617567332987
S0589	Male	40-49	71	51706	1373.1481839631763
S0590	Female	70-79	434	52818	8216.895755234958
S0591	Male	80-89	3	4908	611.2469437652811
S0592	Female	11-18	65	32602	1993.7427151708484
S0593	Female	50-59	33	7632	4323.899371069182
S0594	Male	19-29	36	15197	2368.888596433507
S0595	Female	11-18	13	6570	1978.6910197869104
S0596	Female	11-18	19	11092	1712.946267580238
S0597	Male	11-18	16	15218	1051.3865159679328
S0598	Female	11-18	53	24986	2121.1878652045143
S0599	Male	11-18	3	6779	442.5431479569258
S0600	Male	50-59	5	3318	1506.931886678722
S0601	Male	19-29	3	2906	1032.3468685478322
S0602	Male	19-29	28	16807	1665.972511453561
S0603	Male	30-39	22	25704	855.8979147214441
S0604	Male	30-39	17	23612	719.9728951380654
S0605	Male	60-69	30	16319	1838.3479379863961
S0606	Male	60-69	0	934	0
S0607	Female	30-39	67	26372	2540.5733353556802
S0610	Female	19-29	7	7960	879.3969849246231
S0611	Female	19-29	2	7246	276.0143527463428
S0613	Female	50-59	38	11535	3294.32162982228
S0614	Male	50-59	7	10338	677.1135616173342
S0615	Female	19-29	14	27629	506.71395996959717
S0616	Male	50-59	17	12863	1321.620150820182
S0617	Female	19-29	31	26363	1175.8904525281644
S0618	Female	40-49	158	97580	1619.1842590694814
S0619	Female	19-29	30	81316	368.9310836735698
S0620	Female	19-29	2	3726	536.7686527106817
S0621	Female	0-10	0	1307	0
S0622	Female	0-10	13	16250	800
S0623	Female	19-29	47	32525	1445.0422751729438
S0624	Female	19-29	24	16348	1468.0694886224614
S0625	Female	50-59	7	1999	3501.750875437719
S0626	Male	19-29	16	5258	3042.9821224800307
S0627	Female	19-29	22	8380	2625.2983293556085
S0628	Female	19-29	10	5791	1726.817475392851
S0629	Male	30-39	2	2419	826.7879288962381
S0630	Male	80-89	0	569	0
S0631	Female	19-29	16	7867	2033.8121266048051
S0632	Female	19-29	35	28815	1214.6451500954363
S0633	Male	40-49	1	1019	981.3542688910696
S0634	Female	50-59	1	1346	742.9420505200594
S0635	Male	19-29	8	11440	699.3006993006993
S0636	Female	70-79	2	5531	361.59826432833125
S0637	Male	50-59	4	4368	915.7509157509157
S0638	Female	40-49	4	7907	505.8808650562792
S0639	Female	40-49	0	2059	0
S0640	Male	40-49	15	5205	2881.844380403458
S0641	Male	19-29	28	14781	1894.3237940599417
S0642	Male	70-79	0	1540	0
S0644	Female	30-39	29	21202	1367.7954909914158
S0645	Male	30-39	16	9498	1684.565171615077
S0646	Female	50-59	25	5683	4399.084990322013
S0647	Male	80-89	8	2433	3288.1216605014383
S0648	Female	40-49	2	1095	1826.4840182648402
S0649	Female	70-79	4	2408	1661.1295681063123
S0650	Male	80-89	16	7348	2177.4632553075667
S0651	Male	50-59	30	9273	3235.198964736331
S0652	Male	30-39	3	7792	385.01026694045174
S0653	Female	30-39	149	157667	945.0297145249165
S0654	Female	0-10	92	61719	1490.626873410133
S0655	Male	0-10	108	60570	1783.0609212481427
S0656	Male	19-29	0	826	0
S0660	Female	19-29	4	5071	788.7990534411359
S0661	Male	30-39	16	7098	2254.1561003099464
S0662	Female	90-99	2	11996	166.72224074691562
S0663	Female	50-59	46	16585	2773.5905939101594
S0664	Female	80-89	0	2435	0
S0665	Male	80-89	0	1050	0
S0666	Female	50-59	4	11979	333.9176892895901
S0668	Male	30-39	9	7084	1270.4686617730094
S0669	Female	19-29	7	2616	2675.840978593272
S0670	Male	19-29	7	11569	605.0652606102515
S0671	Male	19-29	38	19686	1930.3058010769075
S0672	Male	19-29	3	3224	930.5210918114144
S0673	Female	19-29	0	1654	0
S0674	Male	19-29	11	5889	1867.889285107828
S0675	Male	19-29	9	3119	2885.5402372555304
S0677	Female	19-29	0	853	0
S0678	Male	19-29	13	3859	3368.7483804094327
S0679	Female	50-59	30	21378	1403.3118158854898
S0680	Female	60-69	27	22786	1184.9381198981832
S0681	Male	60-69	13	6270	2073.365231259968
S0682	Male	19-29	0	1797	0
S0683	Female	11-18	0	957	0
S0684	Female	50-59	3	3872	774.7933884297521
S0685	Male	50-59	16	5304	3016.5912518853697
S0686	Male	19-29	8	6972	1147.4469305794605
S0687	Female	19-29	15	44079	340.2981011365957
S0688	Female	50-59	13	32479	400.25862865236
S0689	Male	11-18	19	32809	579.109390715962
S0690	Male	50-59	12	12021	998.2530571499876
S0691	Female	40-49	1	2135	468.384074941452
S0692	Male	19-29	1	1105	904.9773755656109
